MDVP:Fo(Hz),MDVP:Fhi(Hz),MDVP:Flo(Hz),MDVP:Jitter(%),MDVP:Jitter(Abs),MDVP:RAP,MDVP:PPQ,Jitter:DDP,MDVP:Shimmer,MDVP:Shimmer(dB),Shimmer:APQ3,Shimmer:APQ5,MDVP:APQ,Shimmer:DDA,NHR,HNR,RPDE,DFA,spread1,spread2,D2,PPE
119.992,157.302,74.997,0.00784,0.00007,0.0037,0.00554,0.00784,0.04374,0.426,0.02182,0.0313,0.02971,0.06545,0.02211,21.033,0.414783,0.815285,-4.813031,0.266482,2.301442,0.284654
112.4,148.65,113.819,0.00968,0.00008,0.00465,0.00696,0.00968,0.06134,0.626,0.02739,0.03858,0.03729,0.08497,0.01929,19.085,0.458289,0.819521,-4.813031,0.33559,2.486855,0.368674
116.682,131.111,111.555,0.0105,0.00009,0.00544,0.00781,0.0105,0.05233,0.482,0.02448,0.03575,0.03378,0.073,0.01309,20.651,0.450493,0.819235,-4.443179,0.311173,2.342259,0.332602
